subscription_id,subscription_type,school_id,billing_method,status,start_date,billed_until_date
sub_000001,pro,sch_00001,credit_card,cancelled,2023-01-01,2023-08-31
sub_000002,starter,sch_00002,credit_card,cancelled,2023-01-01,2023-02-28
sub_000003,pro,sch_00003,credit_card,active,2023-01-01,2024-12-31
sub_000004,pro,sch_00004,debit_card,cancelled,2023-01-01,2023-03-31
sub_000005,pro,sch_00005,credit_card,cancelled,2023-01-01,2023-01-31
sub_000006,starter,sch_00006,credit_card,cancelled,2023-01-01,2023-07-31
sub_000007,starter,sch_00007,wire,cancelled,2023-01-01,2023-02-28
sub_000008,learning_center,sch_00008,credit_card,cancelled,2023-01-01,2023-02-28
sub_000009,starter,sch_00009,debit_card,cancelled,2023-01-01,2023-02-28
sub_000010,starter,sch_00010,debit_card,cancelled,2023-01-01,2023-06-30
sub_000011,learning_center,sch_00011,debit_card,cancelled,2023-01-01,2023-12-31
sub_000012,pro,sch_00012,debit_card,cancelled,2023-01-01,2023-11-30
sub_000013,pro,sch_00013,wire,cancelled,2023-01-01,2023-05-31
sub_000014,pro,sch_00014,debit_card,cancelled,2023-01-01,2023-04-30
sub_000015,learning_center,sch_00015,credit_card,cancelled,2023-01-01,2023-06-30
sub_000016,learning_center,sch_00016,credit_card,cancelled,2023-01-01,2023-02-28
sub_000017,pro,sch_00017,wire,cancelled,2023-01-01,2023-07-31
sub_000018,starter,sch_00018,credit_card,cancelled,2023-01-01,2023-08-31
sub_000019,starter,sch_00019,debit_card,cancelled,2023-01-01,2023-04-30
sub_000020,pro,sch_00020,credit_card,cancelled,2023-01-01,2023-09-30
sub_000021,pro,sch_00021,credit_card,cancelled,2023-01-01,2023-02-28
sub_000022,pro,sch_00022,wire,cancelled,2023-01-01,2023-06-30
sub_000023,starter,sch_00023,wire,cancelled,2023-01-01,2023-04-30
sub_000024,learning_center,sch_00024,wire,cancelled,2023-01-01,2023-12-31
sub_000025,pro,sch_00025,wire,cancelled,2023-01-01,2023-11-30
sub_000026,starter,sch_00026,credit_card,cancelled,2023-01-01,2023-02-28
sub_000027,learning_center,sch_00027,credit_card,cancelled,2023-01-01,2023-12-31
sub_000028,learning_center,sch_00028,credit_card,cancelled,2023-01-01,2023-06-30
sub_000029,pro,sch_00029,credit_card,cancelled,2023-01-01,2023-09-30
sub_000030,starter,sch_00030,debit_card,cancelled,2023-01-01,2023-05-31
sub_000031,starter,sch_00031,credit_card,cancelled,2023-01-01,2024-10-31
sub_000032,learning_center,sch_00032,credit_card,cancelled,2023-01-01,2023-03-31
sub_000033,pro,sch_00033,debit_card,cancelled,2023-01-01,2023-06-30
sub_000034,learning_center,sch_00034,wire,cancelled,2023-01-01,2023-08-31
sub_000035,pro,sch_00035,debit_card,cancelled,2023-01-01,2024-07-31
sub_000036,pro,sch_00036,debit_card,cancelled,2023-01-01,2023-09-30
sub_000037,pro,sch_00037,credit_card,cancelled,2023-01-01,2023-06-30
sub_000038,pro,sch_00038,credit_card,cancelled,2023-01-01,2023-04-30
sub_000039,starter,sch_00039,credit_card,cancelled,2023-01-01,2023-06-30
sub_000040,starter,sch_00040,wire,cancelled,2023-01-01,2023-04-30
sub_000041,starter,sch_00041,credit_card,cancelled,2023-01-01,2023-04-30
sub_000042,starter,sch_00042,debit_card,cancelled,2023-01-01,2023-01-31
sub_000043,learning_center,sch_00043,credit_card,cancelled,2023-01-01,2024-06-30
sub_000044,pro,sch_00044,credit_card,cancelled,2023-01-01,2023-02-28
sub_000045,starter,sch_00045,credit_card,cancelled,2023-01-01,2023-01-31
sub_000046,pro,sch_00046,debit_card,cancelled,2023-01-01,2023-05-31
sub_000047,starter,sch_00047,credit_card,cancelled,2023-01-01,2023-04-30
sub_000048,learning_center,sch_00048,debit_card,cancelled,2023-01-01,2023-12-31
sub_000049,pro,sch_00049,credit_card,cancelled,2023-01-01,2024-12-31
sub_000050,starter,sch_00050,debit_card,cancelled,2023-01-01,2023-05-31
sub_000051,pro,sch_00051,wire,cancelled,2023-01-01,2024-01-31
sub_000052,starter,sch_00052,wire,cancelled,2023-01-01,2023-01-31
sub_000053,starter,sch_00053,wire,cancelled,2023-01-01,2023-01-31
sub_000054,pro,sch_00054,credit_card,cancelled,2023-01-01,2023-10-31
sub_000055,starter,sch_00055,credit_card,cancelled,2023-01-01,2023-07-31
sub_000056,pro,sch_00056,credit_card,cancelled,2023-01-01,2023-01-31
sub_000057,pro,sch_00057,wire,cancelled,2023-01-01,2023-01-31
sub_000058,pro,sch_00058,credit_card,cancelled,2023-01-01,2023-10-31
sub_000059,starter,sch_00059,debit_card,cancelled,2023-01-01,2023-02-28
sub_000060,learning_center,sch_00060,debit_card,cancelled,2023-01-01,2023-01-31
sub_000061,learning_center,sch_00061,wire,cancelled,2023-01-01,2023-01-31
sub_000062,pro,sch_00062,credit_card,cancelled,2023-01-01,2023-03-31
sub_000063,starter,sch_00063,wire,cancelled,2023-01-01,2023-04-30
sub_000064,pro,sch_00064,credit_card,cancelled,2023-01-01,2024-05-31
sub_000065,starter,sch_00065,debit_card,cancelled,2023-01-01,2023-07-31
sub_000066,learning_center,sch_00066,debit_card,cancelled,2023-01-01,2024-02-29
sub_000067,pro,sch_00067,wire,cancelled,2023-01-01,2023-04-30
sub_000068,pro,sch_00068,credit_card,cancelled,2023-01-01,2023-10-31
sub_000069,learning_center,sch_00069,credit_card,cancelled,2023-01-01,2023-08-31
sub_000070,starter,sch_00070,wire,cancelled,2023-01-01,2023-05-31
sub_000071,starter,sch_00071,wire,cancelled,2023-01-01,2023-01-31
sub_000072,learning_center,sch_00072,debit_card,cancelled,2023-01-01,2023-03-31
sub_000073,starter,sch_00073,debit_card,cancelled,2023-01-01,2024-08-31
sub_000074,pro,sch_00074,wire,cancelled,2023-01-01,2023-01-31
sub_000075,learning_center,sch_00075,credit_card,cancelled,2023-01-01,2023-11-30
sub_000076,learning_center,sch_00076,debit_card,cancelled,2023-01-01,2024-05-31
sub_000077,starter,sch_00077,debit_card,cancelled,2023-01-01,2023-09-30
sub_000078,learning_center,sch_00078,debit_card,cancelled,2023-01-01,2023-02-28
sub_000079,learning_center,sch_00079,credit_card,cancelled,2023-01-01,2023-03-31
sub_000080,starter,sch_00080,debit_card,cancelled,2023-01-01,2023-02-28
sub_000081,pro,sch_00081,debit_card,cancelled,2023-01-01,2023-01-31
sub_000082,starter,sch_00082,wire,cancelled,2023-01-01,2023-03-31
sub_000083,starter,sch_00083,wire,cancelled,2023-01-01,2023-06-30
sub_000084,pro,sch_00084,debit_card,cancelled,2023-01-01,2023-02-28
sub_000085,starter,sch_00085,credit_card,cancelled,2023-01-01,2023-04-30
sub_000086,learning_center,sch_00086,debit_card,cancelled,2023-01-01,2023-04-30
sub_000087,starter,sch_00087,wire,cancelled,2023-01-01,2023-06-30
sub_000088,pro,sch_00088,wire,cancelled,2023-01-01,2024-07-31
sub_000089,pro,sch_00089,wire,cancelled,2023-01-01,2023-01-31
sub_000090,starter,sch_00090,wire,cancelled,2023-01-01,2023-12-31
sub_000091,pro,sch_00091,credit_card,cancelled,2023-01-01,2023-02-28
sub_000092,starter,sch_00092,wire,cancelled,2023-01-01,2023-08-31
sub_000093,pro,sch_00093,wire,cancelled,2023-01-01,2023-01-31
sub_000094,pro,sch_00094,wire,cancelled,2023-01-01,2023-04-30
sub_000095,starter,sch_00095,debit_card,cancelled,2023-01-01,2023-03-31
sub_000096,learning_center,sch_00096,credit_card,cancelled,2023-01-01,2023-08-31
sub_000097,starter,sch_00097,wire,cancelled,2023-01-01,2023-09-30
sub_000098,pro,sch_00098,credit_card,cancelled,2023-01-01,2023-03-31
sub_000099,pro,sch_00099,credit_card,cancelled,2023-01-01,2023-07-31
sub_000100,starter,sch_00100,debit_card,cancelled,2023-01-01,2023-01-31
sub_000101,pro,sch_00101,debit_card,cancelled,2023-01-01,2023-02-28
sub_000102,learning_center,sch_00102,wire,cancelled,2023-01-01,2023-05-31
sub_000103,learning_center,sch_00103,wire,cancelled,2023-01-01,2023-04-30
sub_000104,pro,sch_00104,credit_card,cancelled,2023-01-01,2023-01-31
sub_000105,pro,sch_00105,wire,cancelled,2023-01-01,2023-12-31
sub_000106,pro,sch_00106,wire,cancelled,2023-01-01,2023-10-31
sub_000107,starter,sch_00107,credit_card,cancelled,2023-01-01,2023-03-31
sub_000108,starter,sch_00108,wire,cancelled,2023-01-01,2023-07-31
sub_000109,starter,sch_00109,debit_card,cancelled,2023-01-01,2023-02-28
sub_000110,starter,sch_00110,wire,cancelled,2023-01-01,2023-12-31
sub_000111,learning_center,sch_00111,debit_card,cancelled,2023-01-01,2023-06-30
sub_000112,learning_center,sch_00112,debit_card,active,2023-01-01,2024-12-31
sub_000113,pro,sch_00113,credit_card,cancelled,2023-01-01,2023-12-31
sub_000114,starter,sch_00114,debit_card,cancelled,2023-01-01,2023-01-31
sub_000115,pro,sch_00115,debit_card,cancelled,2023-01-01,2023-12-31
sub_000116,learning_center,sch_00116,wire,cancelled,2023-01-01,2024-02-29
sub_000117,pro,sch_00117,credit_card,cancelled,2023-01-01,2023-05-31
sub_000118,starter,sch_00118,credit_card,cancelled,2023-01-01,2023-10-31
sub_000119,starter,sch_00119,debit_card,cancelled,2023-01-01,2023-01-31
sub_000120,starter,sch_00120,wire,cancelled,2023-01-01,2023-04-30
sub_000121,starter,sch_00121,wire,cancelled,2023-01-01,2024-12-31
sub_000122,pro,sch_00122,credit_card,cancelled,2023-01-01,2023-03-31
sub_000123,learning_center,sch_00123,credit_card,cancelled,2023-01-01,2023-02-28
sub_000124,pro,sch_00124,debit_card,cancelled,2023-01-01,2023-03-31
sub_000125,pro,sch_00125,wire,cancelled,2023-01-01,2023-03-31
sub_000126,pro,sch_00126,credit_card,cancelled,2023-01-01,2023-01-31
sub_000127,starter,sch_00127,debit_card,cancelled,2023-01-01,2023-11-30
sub_000128,starter,sch_00128,credit_card,cancelled,2023-01-01,2023-10-31
sub_000129,learning_center,sch_00129,wire,cancelled,2023-01-01,2023-07-31
sub_000130,starter,sch_00130,credit_card,cancelled,2023-01-01,2023-03-31
sub_000131,pro,sch_00131,debit_card,cancelled,2023-01-01,2024-01-31
sub_000132,pro,sch_00132,wire,cancelled,2023-01-01,2023-07-31
sub_000133,pro,sch_00133,wire,cancelled,2023-01-01,2023-06-30
sub_000134,pro,sch_00134,debit_card,cancelled,2023-01-01,2023-07-31
sub_000135,learning_center,sch_00135,debit_card,cancelled,2023-01-01,2024-12-31
sub_000136,starter,sch_00136,wire,cancelled,2023-01-01,2023-03-31
sub_000137,starter,sch_00137,credit_card,cancelled,2023-01-01,2024-02-29
sub_000138,starter,sch_00138,debit_card,cancelled,2023-01-01,2023-05-31
sub_000139,pro,sch_00139,wire,cancelled,2023-01-01,2023-02-28
sub_000140,starter,sch_00140,wire,cancelled,2023-01-01,2023-02-28
sub_000141,pro,sch_00053,wire,cancelled,2023-02-01,2024-01-31
sub_000142,pro,sch_00042,debit_card,cancelled,2023-02-01,2023-05-31
sub_000143,pro,sch_00100,debit_card,cancelled,2023-02-01,2023-06-30
sub_000144,pro,sch_00071,wire,cancelled,2023-02-01,2023-08-31
sub_000145,pro,sch_00119,debit_card,cancelled,2023-02-01,2023-06-30
sub_000146,pro,sch_00114,debit_card,cancelled,2023-02-01,2023-02-28
sub_000147,pro,sch_00052,wire,cancelled,2023-02-01,2023-05-31
sub_000148,pro,sch_00045,credit_card,cancelled,2023-02-01,2023-05-31
sub_000149,learning_center,sch_00081,debit_card,cancelled,2023-02-01,2023-06-30
sub_000150,learning_center,sch_00093,wire,cancelled,2023-02-01,2023-05-31
sub_000151,learning_center,sch_00056,credit_card,active,2023-02-01,2025-01-31
sub_000152,learning_center,sch_00089,wire,cancelled,2023-02-01,2023-07-31
sub_000153,learning_center,sch_00057,wire,cancelled,2023-02-01,2023-11-30
sub_000154,starter,sch_00074,wire,cancelled,2023-02-01,2023-04-30
sub_000155,starter,sch_00104,credit_card,cancelled,2023-02-01,2023-03-31
sub_000156,pro,sch_00061,wire,cancelled,2023-02-01,2024-01-31
sub_000157,pro,sch_00060,debit_card,cancelled,2023-02-01,2023-05-31
sub_000158,pro,sch_00141,credit_card,cancelled,2023-02-01,2023-12-31
sub_000159,pro,sch_00142,wire,active,2023-02-01,2024-12-31
sub_000160,starter,sch_00143,wire,cancelled,2023-02-01,2024-01-31
sub_000161,learning_center,sch_00144,credit_card,cancelled,2023-02-01,2023-03-31
sub_000162,pro,sch_00002,credit_card,cancelled,2023-03-01,2023-12-31
sub_000163,pro,sch_00009,debit_card,cancelled,2023-03-01,2023-03-31
sub_000164,pro,sch_00140,wire,cancelled,2023-03-01,2023-05-31
sub_000165,pro,sch_00026,credit_card,cancelled,2023-03-01,2023-03-31
sub_000166,pro,sch_00007,wire,cancelled,2023-03-01,2024-01-31
sub_000167,pro,sch_00059,debit_card,cancelled,2023-03-01,2023-04-30
sub_000168,pro,sch_00109,debit_card,cancelled,2023-03-01,2023-03-31
sub_000169,learning_center,sch_00044,credit_card,cancelled,2023-03-01,2023-05-31
sub_000170,learning_center,sch_00114,debit_card,cancelled,2023-03-01,2023-03-31
sub_000171,learning_center,sch_00091,credit_card,cancelled,2023-03-01,2023-04-30
sub_000172,learning_center,sch_00101,debit_card,active,2023-03-01,2025-02-28
sub_000173,learning_center,sch_00021,credit_card,cancelled,2023-03-01,2024-01-31
sub_000174,starter,sch_00084,debit_card,cancelled,2023-03-01,2023-11-30
sub_000175,starter,sch_00139,wire,cancelled,2023-03-01,2023-03-31
sub_000176,pro,sch_00008,credit_card,cancelled,2023-03-01,2024-05-31
sub_000177,pro,sch_00016,credit_card,cancelled,2023-03-01,2023-08-31
sub_000178,pro,sch_00123,credit_card,cancelled,2023-03-01,2023-03-31
sub_000179,pro,sch_00145,debit_card,cancelled,2023-03-01,2023-12-31
sub_000180,learning_center,sch_00146,credit_card,cancelled,2023-03-01,2024-09-30
sub_000181,pro,sch_00147,credit_card,cancelled,2023-03-01,2023-12-31
sub_000182,learning_center,sch_00148,credit_card,cancelled,2023-03-01,2023-06-30
sub_000183,pro,sch_00136,wire,cancelled,2023-04-01,2023-04-30
sub_000184,pro,sch_00130,credit_card,cancelled,2023-04-01,2023-04-30
sub_000185,pro,sch_00082,wire,cancelled,2023-04-01,2023-04-30
sub_000186,pro,sch_00139,wire,cancelled,2023-04-01,2023-06-30
sub_000187,pro,sch_00107,credit_card,cancelled,2023-04-01,2023-08-31
sub_000188,pro,sch_00104,credit_card,cancelled,2023-04-01,2024-09-30
sub_000189,learning_center,sch_00098,credit_card,cancelled,2023-04-01,2023-07-31
sub_000190,learning_center,sch_00009,debit_card,cancelled,2023-04-01,2023-09-30
sub_000191,learning_center,sch_00004,debit_card,cancelled,2023-04-01,2023-06-30
sub_000192,learning_center,sch_00124,debit_card,cancelled,2023-04-01,2023-05-31
sub_000193,learning_center,sch_00123,credit_card,cancelled,2023-04-01,2024-05-31
sub_000194,starter,sch_00026,credit_card,cancelled,2023-04-01,2023-09-30
sub_000195,starter,sch_00109,debit_card,cancelled,2023-04-01,2023-08-31
sub_000196,pro,sch_00079,credit_card,active,2023-04-01,2025-03-31
sub_000197,pro,sch_00072,debit_card,cancelled,2023-04-01,2024-03-31
sub_000198,pro,sch_00032,credit_card,cancelled,2023-04-01,2024-03-31
sub_000199,starter,sch_00149,credit_card,cancelled,2023-04-01,2023-07-31
sub_000200,pro,sch_00150,debit_card,cancelled,2023-04-01,2023-07-31
sub_000201,starter,sch_00151,credit_card,cancelled,2023-04-01,2023-06-30
sub_000202,learning_center,sch_00152,wire,cancelled,2023-04-01,2024-05-31
sub_000203,pro,sch_00023,wire,cancelled,2023-05-01,2023-08-31
sub_000204,pro,sch_00047,credit_card,cancelled,2023-05-01,2023-06-30
sub_000205,pro,sch_00085,credit_card,cancelled,2023-05-01,2023-07-31
sub_000206,pro,sch_00040,wire,cancelled,2023-05-01,2023-07-31
sub_000207,pro,sch_00019,debit_card,cancelled,2023-05-01,2024-02-29
sub_000208,learning_center,sch_00136,wire,cancelled,2023-05-01,2023-11-30
sub_000209,learning_center,sch_00038,credit_card,cancelled,2023-05-01,2023-09-30
sub_000210,learning_center,sch_00130,credit_card,cancelled,2023-05-01,2023-08-31
sub_000211,learning_center,sch_00082,wire,active,2023-05-01,2025-04-30
sub_000212,learning_center,sch_00059,debit_card,cancelled,2023-05-01,2023-06-30
sub_000213,learning_center,sch_00094,wire,active,2023-05-01,2025-04-30
sub_000214,starter,sch_00014,debit_card,cancelled,2023-05-01,2023-09-30
sub_000215,starter,sch_00067,wire,cancelled,2023-05-01,2024-01-31
sub_000216,pro,sch_00086,debit_card,active,2023-05-01,2024-12-31
sub_000217,pro,sch_00091,credit_card,active,2023-05-01,2024-12-31
sub_000218,pro,sch_00103,wire,cancelled,2023-05-01,2023-06-30
sub_000219,pro,sch_00153,wire,cancelled,2023-05-01,2023-05-31
sub_000220,learning_center,sch_00154,debit_card,active,2023-05-01,2025-01-31
sub_000221,starter,sch_00155,wire,cancelled,2023-05-01,2023-05-31
sub_000222,learning_center,sch_00156,wire,cancelled,2023-05-01,2024-02-29
sub_000223,pro,sch_00155,wire,cancelled,2023-06-01,2024-11-30
sub_000224,pro,sch_00030,debit_card,cancelled,2023-06-01,2024-10-31
sub_000225,pro,sch_00138,debit_card,cancelled,2023-06-01,2023-08-31
sub_000226,pro,sch_00070,wire,cancelled,2023-06-01,2023-09-30
sub_000227,learning_center,sch_00042,debit_card,active,2023-06-01,2024-12-31
sub_000228,learning_center,sch_00046,debit_card,cancelled,2023-06-01,2024-05-31
sub_000229,learning_center,sch_00060,debit_card,cancelled,2023-06-01,2023-12-31
sub_000230,learning_center,sch_00052,wire,cancelled,2023-06-01,2023-09-30
sub_000231,learning_center,sch_00045,credit_card,cancelled,2023-06-01,2024-01-31
sub_000232,starter,sch_00117,credit_card,cancelled,2023-06-01,2024-02-29
sub_000233,starter,sch_00013,wire,cancelled,2023-06-01,2024-03-31
sub_000234,pro,sch_00093,wire,cancelled,2023-06-01,2023-09-30
sub_000235,pro,sch_00102,wire,cancelled,2023-06-01,2023-09-30
sub_000236,pro,sch_00124,debit_card,cancelled,2023-06-01,2024-01-31
sub_000237,pro,sch_00044,credit_card,cancelled,2023-06-01,2023-10-31
sub_000238,starter,sch_00157,credit_card,cancelled,2023-06-01,2024-06-30
sub_000239,starter,sch_00158,debit_card,cancelled,2023-06-01,2024-01-31
sub_000240,learning_center,sch_00159,debit_card,cancelled,2023-06-01,2023-10-31
sub_000241,starter,sch_00160,debit_card,cancelled,2023-06-01,2023-06-30
sub_000242,pro,sch_00151,credit_card,cancelled,2023-07-01,2023-10-31
sub_000243,pro,sch_00010,debit_card,cancelled,2023-07-01,2024-02-29
sub_000244,pro,sch_00160,debit_card,cancelled,2023-07-01,2023-07-31
sub_000245,pro,sch_00039,credit_card,cancelled,2023-07-01,2023-08-31
sub_000246,learning_center,sch_00119,debit_card,cancelled,2023-07-01,2023-07-31
sub_000247,learning_center,sch_00103,wire,cancelled,2023-07-01,2023-09-30
sub_000248,learning_center,sch_00139,wire,cancelled,2023-07-01,2023-07-31
sub_000249,learning_center,sch_00033,debit_card,cancelled,2023-07-01,2024-06-30
sub_000250,learning_center,sch_00100,debit_card,cancelled,2023-07-01,2024-06-30
sub_000251,starter,sch_00047,credit_card,active,2023-07-01,2024-12-31
sub_000252,starter,sch_00022,wire,cancelled,2023-07-01,2024-01-31
sub_000253,pro,sch_00028,credit_card,cancelled,2023-07-01,2023-09-30
sub_000254,pro,sch_00148,credit_card,cancelled,2023-07-01,2023-09-30
sub_000255,pro,sch_00004,debit_card,active,2023-07-01,2024-12-31
sub_000256,pro,sch_00111,debit_card,cancelled,2023-07-01,2023-07-31
sub_000257,starter,sch_00161,debit_card,cancelled,2023-07-01,2023-08-31
sub_000258,pro,sch_00162,wire,cancelled,2023-07-01,2023-08-31
sub_000259,pro,sch_00163,credit_card,cancelled,2023-07-01,2023-11-30
sub_000260,pro,sch_00164,wire,cancelled,2023-07-01,2023-08-31
sub_000261,pro,sch_00055,credit_card,active,2023-08-01,2024-12-31
sub_000262,pro,sch_00149,credit_card,cancelled,2023-08-01,2024-04-30
sub_000263,pro,sch_00006,credit_card,cancelled,2023-08-01,2024-08-31
sub_000264,pro,sch_00065,debit_card,cancelled,2023-08-01,2023-08-31
sub_000265,learning_center,sch_00111,debit_card,cancelled,2023-08-01,2024-04-30
sub_000266,learning_center,sch_00099,credit_card,cancelled,2023-08-01,2023-12-31
sub_000267,learning_center,sch_00150,debit_card,cancelled,2023-08-01,2023-10-31
sub_000268,learning_center,sch_00040,wire,cancelled,2023-08-01,2024-05-31
sub_000269,learning_center,sch_00132,wire,cancelled,2023-08-01,2024-07-31
sub_000270,starter,sch_00017,wire,cancelled,2023-08-01,2024-06-30
sub_000271,starter,sch_00085,credit_card,cancelled,2023-08-01,2023-09-30
sub_000272,pro,sch_00119,debit_card,cancelled,2023-08-01,2024-07-31
sub_000273,pro,sch_00129,wire,cancelled,2023-08-01,2023-09-30
sub_000274,pro,sch_00098,credit_card,cancelled,2023-08-01,2024-05-31
sub_000275,pro,sch_00139,wire,cancelled,2023-08-01,2023-08-31
sub_000276,starter,sch_00165,debit_card,cancelled,2023-08-01,2024-02-29
sub_000277,learning_center,sch_00166,wire,cancelled,2023-08-01,2023-09-30
sub_000278,starter,sch_00167,debit_card,cancelled,2023-08-01,2024-10-31
sub_000279,pro,sch_00168,wire,cancelled,2023-08-01,2024-02-29
sub_000280,pro,sch_00161,debit_card,cancelled,2023-09-01,2024-09-30
sub_000281,pro,sch_00092,wire,cancelled,2023-09-01,2023-12-31
sub_000282,pro,sch_00109,debit_card,cancelled,2023-09-01,2023-11-30
sub_000283,pro,sch_00018,credit_card,cancelled,2023-09-01,2023-09-30
sub_000284,learning_center,sch_00071,wire,cancelled,2023-09-01,2023-10-31
sub_000285,learning_center,sch_00065,debit_card,active,2023-09-01,2025-02-28
sub_000286,learning_center,sch_00016,credit_card,cancelled,2023-09-01,2023-10-31
sub_000287,learning_center,sch_00139,wire,cancelled,2023-09-01,2023-11-30
sub_000288,learning_center,sch_00001,credit_card,cancelled,2023-09-01,2023-10-31
sub_000289,starter,sch_00023,wire,cancelled,2023-09-01,2023-10-31
sub_000290,starter,sch_00138,debit_card,cancelled,2023-09-01,2024-05-31
sub_000291,pro,sch_00034,wire,cancelled,2023-09-01,2024-03-31
sub_000292,pro,sch_00069,credit_card,cancelled,2023-09-01,2023-10-31
sub_000293,pro,sch_00096,credit_card,cancelled,2023-09-01,2024-05-31
sub_000294,pro,sch_00130,credit_card,cancelled,2023-09-01,2024-01-31
sub_000295,pro,sch_00169,debit_card,cancelled,2023-09-01,2024-02-29
sub_000296,starter,sch_00170,wire,cancelled,2023-09-01,2023-12-31
sub_000297,pro,sch_00171,credit_card,cancelled,2023-09-01,2024-03-31
sub_000298,pro,sch_00172,debit_card,cancelled,2023-09-01,2023-10-31
sub_000299,pro,sch_00077,debit_card,cancelled,2023-10-01,2024-08-31
sub_000300,pro,sch_00026,credit_card,cancelled,2023-10-01,2023-11-30
sub_000301,pro,sch_00097,wire,cancelled,2023-10-01,2024-09-30
sub_000302,pro,sch_00085,credit_card,cancelled,2023-10-01,2023-11-30
sub_000303,learning_center,sch_00129,wire,cancelled,2023-10-01,2024-02-29
sub_000304,learning_center,sch_00093,wire,cancelled,2023-10-01,2024-01-31
sub_000305,learning_center,sch_00036,debit_card,cancelled,2023-10-01,2024-04-30
sub_000306,learning_center,sch_00148,credit_card,cancelled,2023-10-01,2024-09-30
sub_000307,learning_center,sch_00070,wire,cancelled,2023-10-01,2023-11-30
sub_000308,learning_center,sch_00102,wire,cancelled,2023-10-01,2023-10-31
sub_000309,starter,sch_00029,credit_card,cancelled,2023-10-01,2024-08-31
sub_000310,starter,sch_00028,credit_card,cancelled,2023-10-01,2023-12-31
sub_000311,pro,sch_00052,wire,cancelled,2023-10-01,2023-10-31
sub_000312,pro,sch_00038,credit_card,cancelled,2023-10-01,2024-01-31
sub_000313,pro,sch_00166,wire,cancelled,2023-10-01,2024-08-31
sub_000314,pro,sch_00103,wire,cancelled,2023-10-01,2023-10-31
sub_000315,pro,sch_00173,credit_card,cancelled,2023-10-01,2024-01-31
sub_000316,pro,sch_00174,wire,cancelled,2023-10-01,2024-04-30
sub_000317,learning_center,sch_00175,wire,cancelled,2023-10-01,2024-01-31
sub_000318,starter,sch_00176,wire,cancelled,2023-10-01,2023-11-30
sub_000319,pro,sch_00118,credit_card,cancelled,2023-11-01,2023-11-30
sub_000320,pro,sch_00128,credit_card,cancelled,2023-11-01,2023-12-31
sub_000321,pro,sch_00023,wire,cancelled,2023-11-01,2024-10-31
sub_000322,learning_center,sch_00068,credit_card,active,2023-11-01,2024-12-31
sub_000323,learning_center,sch_00044,credit_card,cancelled,2023-11-01,2024-03-31
sub_000324,learning_center,sch_00172,debit_card,cancelled,2023-11-01,2023-12-31
sub_000325,learning_center,sch_00103,wire,cancelled,2023-11-01,2024-05-31
sub_000326,learning_center,sch_00052,wire,cancelled,2023-11-01,2024-04-30
sub_000327,learning_center,sch_00058,credit_card,cancelled,2023-11-01,2024-06-30
sub_000328,starter,sch_00151,credit_card,cancelled,2023-11-01,2024-02-29
sub_000329,starter,sch_00054,credit_card,cancelled,2023-11-01,2023-12-31
sub_000330,pro,sch_00102,wire,cancelled,2023-11-01,2023-11-30
sub_000331,pro,sch_00016,credit_card,cancelled,2023-11-01,2023-11-30
sub_000332,pro,sch_00001,credit_card,cancelled,2023-11-01,2024-03-31
sub_000333,pro,sch_00071,wire,cancelled,2023-11-01,2023-12-31
sub_000334,pro,sch_00177,wire,cancelled,2023-11-01,2024-04-30
sub_000335,learning_center,sch_00178,wire,cancelled,2023-11-01,2024-03-31
sub_000336,starter,sch_00179,wire,cancelled,2023-11-01,2024-03-31
sub_000337,pro,sch_00180,debit_card,cancelled,2023-11-01,2023-12-31
sub_000338,pro,sch_00127,debit_card,cancelled,2023-12-01,2024-09-30
sub_000339,pro,sch_00084,debit_card,cancelled,2023-12-01,2024-02-29
sub_000340,pro,sch_00176,wire,cancelled,2023-12-01,2024-02-29
sub_000341,learning_center,sch_00163,credit_card,active,2023-12-01,2024-12-31
sub_000342,learning_center,sch_00025,wire,cancelled,2023-12-01,2024-04-30
sub_000343,learning_center,sch_00026,credit_card,active,2023-12-01,2024-12-31
sub_000344,learning_center,sch_00016,credit_card,cancelled,2023-12-01,2024-08-31
sub_000345,learning_center,sch_00102,wire,cancelled,2023-12-01,2024-01-31
sub_000346,starter,sch_00118,credit_card,cancelled,2023-12-01,2024-04-30
sub_000347,starter,sch_00085,credit_card,cancelled,2023-12-01,2024-03-31
sub_000348,pro,sch_00057,wire,cancelled,2023-12-01,2024-05-31
sub_000349,pro,sch_00070,wire,cancelled,2023-12-01,2024-03-31
sub_000350,pro,sch_00075,credit_card,cancelled,2023-12-01,2024-06-30
sub_000351,pro,sch_00139,wire,active,2023-12-01,2024-12-31
sub_000352,learning_center,sch_00181,wire,cancelled,2023-12-01,2023-12-31
sub_000353,learning_center,sch_00182,credit_card,cancelled,2023-12-01,2023-12-31
sub_000354,learning_center,sch_00183,wire,cancelled,2023-12-01,2024-10-31
sub_000355,starter,sch_00184,wire,cancelled,2023-12-01,2024-02-29
sub_000356,pro,sch_00170,wire,cancelled,2024-01-01,2024-06-30
sub_000357,pro,sch_00028,credit_card,cancelled,2024-01-01,2024-08-31
sub_000358,pro,sch_00054,credit_card,cancelled,2024-01-01,2024-04-30
sub_000359,learning_center,sch_00002,credit_card,cancelled,2024-01-01,2024-01-31
sub_000360,learning_center,sch_00128,credit_card,cancelled,2024-01-01,2024-03-31
sub_000361,learning_center,sch_00113,credit_card,cancelled,2024-01-01,2024-03-31
sub_000362,learning_center,sch_00180,debit_card,cancelled,2024-01-01,2024-10-31
sub_000363,learning_center,sch_00092,wire,cancelled,2024-01-01,2024-03-31
sub_000364,starter,sch_00141,credit_card,cancelled,2024-01-01,2024-04-30
sub_000365,starter,sch_00071,wire,cancelled,2024-01-01,2024-10-31
sub_000366,pro,sch_00027,credit_card,cancelled,2024-01-01,2024-07-31
sub_000367,pro,sch_00181,wire,active,2024-01-01,2024-12-31
sub_000368,pro,sch_00060,debit_card,cancelled,2024-01-01,2024-06-30
sub_000369,pro,sch_00182,credit_card,cancelled,2024-01-01,2024-01-31
sub_000370,learning_center,sch_00185,wire,cancelled,2024-01-01,2024-11-30
sub_000371,starter,sch_00186,debit_card,active,2024-01-01,2024-12-31
sub_000372,starter,sch_00187,credit_card,active,2024-01-01,2024-12-31
sub_000373,pro,sch_00188,debit_card,cancelled,2024-01-01,2024-09-30
sub_000374,pro,sch_00189,wire,cancelled,2024-01-01,2024-02-29
sub_000375,learning_center,sch_00190,credit_card,cancelled,2024-01-01,2024-12-31
sub_000376,starter,sch_00191,debit_card,cancelled,2024-01-01,2024-01-31
sub_000377,learning_center,sch_00192,credit_card,cancelled,2024-01-01,2024-03-31
sub_000378,starter,sch_00193,credit_card,cancelled,2024-01-01,2024-09-30
sub_000379,pro,sch_00191,debit_card,cancelled,2024-02-01,2024-10-31
sub_000380,pro,sch_00158,debit_card,cancelled,2024-02-01,2024-02-29
sub_000381,pro,sch_00067,wire,cancelled,2024-02-01,2024-07-31
sub_000382,pro,sch_00022,wire,active,2024-02-01,2025-01-31
sub_000383,learning_center,sch_00124,debit_card,cancelled,2024-02-01,2024-04-30
sub_000384,learning_center,sch_00038,credit_card,cancelled,2024-02-01,2024-07-31
sub_000385,learning_center,sch_00130,credit_card,cancelled,2024-02-01,2024-02-29
sub_000386,learning_center,sch_00182,credit_card,active,2024-02-01,2024-12-31
sub_000387,learning_center,sch_00173,credit_card,active,2024-02-01,2024-12-31
sub_000388,starter,sch_00051,wire,cancelled,2024-02-01,2024-03-31
sub_000389,starter,sch_00053,wire,cancelled,2024-02-01,2024-02-29
sub_000390,pro,sch_00002,credit_card,cancelled,2024-02-01,2024-04-30
sub_000391,pro,sch_00102,wire,cancelled,2024-02-01,2024-06-30
sub_000392,pro,sch_00175,wire,active,2024-02-01,2024-12-31
sub_000393,pro,sch_00045,credit_card,active,2024-02-01,2024-12-31
sub_000394,starter,sch_00194,wire,cancelled,2024-02-01,2024-08-31
sub_000395,pro,sch_00195,credit_card,cancelled,2024-02-01,2024-09-30
sub_000396,starter,sch_00196,debit_card,cancelled,2024-02-01,2024-06-30
sub_000397,starter,sch_00197,wire,cancelled,2024-02-01,2024-03-31
sub_000398,pro,sch_00198,wire,cancelled,2024-02-01,2024-07-31
sub_000399,starter,sch_00199,credit_card,cancelled,2024-02-01,2024-05-31
sub_000400,starter,sch_00200,credit_card,active,2024-02-01,2025-01-31
sub_000401,learning_center,sch_00201,debit_card,cancelled,2024-02-01,2024-02-29
sub_000402,starter,sch_00202,credit_card,active,2024-02-01,2024-12-31
sub_000403,pro,sch_00151,credit_card,cancelled,2024-03-01,2024-05-31
sub_000404,pro,sch_00165,debit_card,cancelled,2024-03-01,2024-06-30
sub_000405,pro,sch_00117,credit_card,cancelled,2024-03-01,2024-04-30
sub_000406,pro,sch_00184,wire,cancelled,2024-03-01,2024-05-31
sub_000407,learning_center,sch_00010,debit_card,cancelled,2024-03-01,2024-03-31
sub_000408,learning_center,sch_00084,debit_card,cancelled,2024-03-01,2024-07-31
sub_000409,learning_center,sch_00168,wire,cancelled,2024-03-01,2024-05-31
sub_000410,learning_center,sch_00019,debit_card,cancelled,2024-03-01,2024-10-31
sub_000411,learning_center,sch_00176,wire,active,2024-03-01,2024-12-31
sub_000412,starter,sch_00189,wire,active,2024-03-01,2024-12-31
sub_000413,starter,sch_00169,debit_card,cancelled,2024-03-01,2024-09-30
sub_000414,pro,sch_00129,wire,cancelled,2024-03-01,2024-04-30
sub_000415,pro,sch_00156,wire,cancelled,2024-03-01,2024-05-31
sub_000416,pro,sch_00130,credit_card,cancelled,2024-03-01,2024-04-30
sub_000417,pro,sch_00066,debit_card,cancelled,2024-03-01,2024-03-31
sub_000418,learning_center,sch_00203,debit_card,cancelled,2024-03-01,2024-04-30
sub_000419,pro,sch_00204,wire,cancelled,2024-03-01,2024-03-31
sub_000420,starter,sch_00205,credit_card,cancelled,2024-03-01,2024-04-30
sub_000421,learning_center,sch_00206,wire,active,2024-03-01,2024-12-31
sub_000422,learning_center,sch_00207,wire,cancelled,2024-03-01,2024-05-31
sub_000423,starter,sch_00208,wire,cancelled,2024-03-01,2024-06-30
sub_000424,learning_center,sch_00209,wire,cancelled,2024-03-01,2024-08-31
sub_000425,starter,sch_00210,credit_card,cancelled,2024-03-01,2024-07-31
sub_000426,starter,sch_00211,debit_card,cancelled,2024-03-01,2024-04-30
sub_000427,pro,sch_00197,wire,cancelled,2024-04-01,2024-05-31
sub_000428,pro,sch_00051,wire,active,2024-04-01,2024-12-31
sub_000429,pro,sch_00013,wire,active,2024-04-01,2024-12-31
sub_000430,pro,sch_00085,credit_card,active,2024-04-01,2024-12-31
sub_000431,learning_center,sch_00204,wire,cancelled,2024-04-01,2024-07-31
sub_000432,learning_center,sch_00066,debit_card,active,2024-04-01,2024-12-31
sub_000433,learning_center,sch_00171,credit_card,active,2024-04-01,2024-12-31
sub_000434,learning_center,sch_00072,debit_card,active,2024-04-01,2024-12-31
sub_000435,learning_center,sch_00070,wire,active,2024-04-01,2024-12-31
sub_000436,starter,sch_00034,wire,cancelled,2024-04-01,2024-05-31
sub_000437,starter,sch_00001,credit_card,active,2024-04-01,2024-12-31
sub_000438,pro,sch_00192,credit_card,cancelled,2024-04-01,2024-04-30
sub_000439,pro,sch_00178,wire,cancelled,2024-04-01,2024-06-30
sub_000440,pro,sch_00128,credit_card,cancelled,2024-04-01,2024-04-30
sub_000441,pro,sch_00044,credit_card,cancelled,2024-04-01,2024-08-31
sub_000442,starter,sch_00212,credit_card,cancelled,2024-04-01,2024-09-30
sub_000443,starter,sch_00213,credit_card,cancelled,2024-04-01,2024-11-30
sub_000444,starter,sch_00214,wire,cancelled,2024-04-01,2024-11-30
sub_000445,learning_center,sch_00215,credit_card,cancelled,2024-04-01,2024-06-30
sub_000446,starter,sch_00216,wire,cancelled,2024-04-01,2024-05-31
sub_000447,pro,sch_00217,credit_card,cancelled,2024-04-01,2024-04-30
sub_000448,pro,sch_00218,debit_card,cancelled,2024-04-01,2024-10-31
sub_000449,pro,sch_00219,wire,active,2024-04-01,2024-12-31
sub_000450,starter,sch_00220,credit_card,active,2024-04-01,2024-12-31
sub_000451,pro,sch_00141,credit_card,active,2024-05-01,2024-12-31
sub_000452,pro,sch_00118,credit_card,cancelled,2024-05-01,2024-06-30
sub_000453,pro,sch_00211,debit_card,cancelled,2024-05-01,2024-10-31
sub_000454,pro,sch_00205,credit_card,cancelled,2024-05-01,2024-07-31
sub_000455,learning_center,sch_00129,wire,cancelled,2024-05-01,2024-10-31
sub_000456,learning_center,sch_00174,wire,active,2024-05-01,2024-12-31
sub_000457,learning_center,sch_00128,credit_card,cancelled,2024-05-01,2024-09-30
sub_000458,learning_center,sch_00054,credit_card,cancelled,2024-05-01,2024-06-30
sub_000459,learning_center,sch_00192,credit_card,active,2024-05-01,2024-12-31
sub_000460,learning_center,sch_00117,credit_card,cancelled,2024-05-01,2024-07-31
sub_000461,starter,sch_00217,credit_card,active,2024-05-01,2024-12-31
sub_000462,starter,sch_00177,wire,cancelled,2024-05-01,2024-07-31
sub_000463,pro,sch_00025,wire,cancelled,2024-05-01,2024-09-30
sub_000464,pro,sch_00111,debit_card,active,2024-05-01,2025-04-30
sub_000465,pro,sch_00036,debit_card,active,2024-05-01,2024-12-31
sub_000466,pro,sch_00124,debit_card,active,2024-05-01,2025-01-31
sub_000467,pro,sch_00221,debit_card,cancelled,2024-05-01,2024-07-31
sub_000468,pro,sch_00222,debit_card,active,2024-05-01,2024-12-31
sub_000469,pro,sch_00223,wire,active,2024-05-01,2025-04-30
sub_000470,learning_center,sch_00224,debit_card,active,2024-05-01,2025-04-30
sub_000471,starter,sch_00225,credit_card,cancelled,2024-05-01,2024-07-31
sub_000472,learning_center,sch_00226,debit_card,active,2024-05-01,2025-01-31
sub_000473,starter,sch_00227,wire,cancelled,2024-05-01,2024-07-31
sub_000474,learning_center,sch_00228,credit_card,active,2024-05-01,2024-12-31
sub_000475,starter,sch_00229,credit_card,cancelled,2024-05-01,2024-05-31
sub_000476,pro,sch_00138,debit_card,active,2024-06-01,2025-05-31
sub_000477,pro,sch_00034,wire,active,2024-06-01,2024-12-31
sub_000478,pro,sch_00199,credit_card,cancelled,2024-06-01,2024-07-31
sub_000479,pro,sch_00216,wire,active,2024-06-01,2025-02-28
sub_000480,learning_center,sch_00098,credit_card,cancelled,2024-06-01,2024-06-30
sub_000481,learning_center,sch_00184,wire,cancelled,2024-06-01,2024-06-30
sub_000482,learning_center,sch_00064,credit_card,cancelled,2024-06-01,2024-08-31
sub_000483,learning_center,sch_00151,credit_card,cancelled,2024-06-01,2024-08-31
sub_000484,learning_center,sch_00057,wire,cancelled,2024-06-01,2024-11-30
sub_000485,learning_center,sch_00096,credit_card,cancelled,2024-06-01,2024-08-31
sub_000486,starter,sch_00008,credit_card,active,2024-06-01,2025-02-28
sub_000487,starter,sch_00156,wire,cancelled,2024-06-01,2024-08-31
sub_000488,pro,sch_00168,wire,cancelled,2024-06-01,2024-08-31
sub_000489,pro,sch_00123,credit_card,active,2024-06-01,2025-02-28
sub_000490,pro,sch_00103,wire,cancelled,2024-06-01,2024-11-30
sub_000491,pro,sch_00040,wire,active,2024-06-01,2025-05-31
sub_000492,pro,sch_00152,wire,cancelled,2024-06-01,2024-09-30
sub_000493,pro,sch_00230,credit_card,cancelled,2024-06-01,2024-06-30
sub_000494,pro,sch_00231,wire,cancelled,2024-06-01,2024-09-30
sub_000495,learning_center,sch_00232,debit_card,cancelled,2024-06-01,2024-08-31
sub_000496,pro,sch_00233,wire,cancelled,2024-06-01,2024-06-30
sub_000497,learning_center,sch_00234,wire,cancelled,2024-06-01,2024-09-30
sub_000498,pro,sch_00235,wire,cancelled,2024-06-01,2024-07-31
sub_000499,learning_center,sch_00236,credit_card,cancelled,2024-06-01,2024-09-30
sub_000500,starter,sch_00237,debit_card,cancelled,2024-06-01,2024-07-31
sub_000501,starter,sch_00238,credit_card,cancelled,2024-06-01,2024-08-31
sub_000502,pro,sch_00196,debit_card,cancelled,2024-07-01,2025-06-30
sub_000503,pro,sch_00157,credit_card,cancelled,2024-07-01,2024-07-31
sub_000504,pro,sch_00017,wire,active,2024-07-01,2024-12-31
sub_000505,pro,sch_00208,wire,active,2024-07-01,2024-12-31
sub_000506,learning_center,sch_00230,credit_card,active,2024-07-01,2024-12-31
sub_000507,learning_center,sch_00233,wire,active,2024-07-01,2024-12-31
sub_000508,learning_center,sch_00060,debit_card,cancelled,2024-07-01,2024-11-30
sub_000509,learning_center,sch_00170,wire,cancelled,2024-07-01,2024-07-31
sub_000510,learning_center,sch_00165,debit_card,cancelled,2024-07-01,2024-08-31
sub_000511,learning_center,sch_00075,credit_card,active,2024-07-01,2024-12-31
sub_000512,starter,sch_00102,wire,active,2024-07-01,2024-12-31
sub_000513,starter,sch_00178,wire,cancelled,2024-07-01,2025-06-30
sub_000514,pro,sch_00098,credit_card,active,2024-07-01,2025-06-30
sub_000515,pro,sch_00184,wire,cancelled,2024-07-01,2024-10-31
sub_000516,pro,sch_00215,credit_card,active,2024-07-01,2024-12-31
sub_000517,pro,sch_00054,credit_card,cancelled,2024-07-01,2025-06-30
sub_000518,pro,sch_00058,credit_card,cancelled,2024-07-01,2024-07-31
sub_000519,pro,sch_00239,credit_card,active,2024-07-01,2024-12-31
sub_000520,starter,sch_00240,debit_card,active,2024-07-01,2024-12-31
sub_000521,starter,sch_00241,debit_card,cancelled,2024-07-01,2024-10-31
sub_000522,starter,sch_00242,credit_card,cancelled,2024-07-01,2024-08-31
sub_000523,learning_center,sch_00243,wire,active,2024-07-01,2024-12-31
sub_000524,starter,sch_00244,credit_card,cancelled,2024-07-01,2024-07-31
sub_000525,starter,sch_00245,credit_card,cancelled,2024-07-01,2024-07-31
sub_000526,starter,sch_00246,debit_card,cancelled,2024-07-01,2024-11-30
sub_000527,starter,sch_00247,credit_card,cancelled,2024-07-01,2024-09-30
sub_000528,pro,sch_00244,credit_card,cancelled,2024-08-01,2024-08-31
sub_000529,pro,sch_00237,debit_card,active,2024-08-01,2024-12-31
sub_000530,pro,sch_00210,credit_card,active,2024-08-01,2025-01-31
sub_000531,pro,sch_00245,credit_card,active,2024-08-01,2024-12-31
sub_000532,learning_center,sch_00235,wire,active,2024-08-01,2024-12-31
sub_000533,learning_center,sch_00205,credit_card,cancelled,2024-08-01,2024-08-31
sub_000534,learning_center,sch_00198,wire,cancelled,2024-08-01,2024-08-31
sub_000535,learning_center,sch_00199,credit_card,active,2024-08-01,2024-12-31
sub_000536,learning_center,sch_00058,credit_card,active,2024-08-01,2024-12-31
sub_000537,learning_center,sch_00035,debit_card,cancelled,2024-08-01,2024-10-31
sub_000538,starter,sch_00027,credit_card,cancelled,2024-08-01,2024-09-30
sub_000539,starter,sch_00157,credit_card,cancelled,2024-08-01,2025-07-31
sub_000540,starter,sch_00221,debit_card,active,2024-08-01,2024-12-31
sub_000541,pro,sch_00084,debit_card,cancelled,2024-08-01,2024-10-31
sub_000542,pro,sch_00204,wire,cancelled,2024-08-01,2024-08-31
sub_000543,pro,sch_00038,credit_card,cancelled,2024-08-01,2024-11-30
sub_000544,pro,sch_00170,wire,active,2024-08-01,2024-12-31
sub_000545,pro,sch_00132,wire,cancelled,2024-08-01,2024-08-31
sub_000546,pro,sch_00248,credit_card,active,2024-08-01,2024-12-31
sub_000547,starter,sch_00249,wire,cancelled,2024-08-01,2024-08-31
sub_000548,learning_center,sch_00250,debit_card,active,2024-08-01,2024-12-31
sub_000549,learning_center,sch_00251,wire,active,2024-08-01,2024-12-31
sub_000550,starter,sch_00252,credit_card,active,2024-08-01,2025-07-31
sub_000551,starter,sch_00253,credit_card,active,2024-08-01,2024-12-31
sub_000552,starter,sch_00254,wire,active,2024-08-01,2025-07-31
sub_000553,pro,sch_00255,credit_card,cancelled,2024-08-01,2024-10-31
sub_000554,starter,sch_00256,wire,cancelled,2024-08-01,2024-10-31
sub_000555,pro,sch_00194,wire,active,2024-09-01,2025-08-31
sub_000556,pro,sch_00029,credit_card,cancelled,2024-09-01,2024-09-30
sub_000557,pro,sch_00073,debit_card,cancelled,2024-09-01,2024-10-31
sub_000558,pro,sch_00242,credit_card,active,2024-09-01,2025-08-31
sub_000559,pro,sch_00249,wire,cancelled,2024-09-01,2024-11-30
sub_000560,learning_center,sch_00166,wire,cancelled,2024-09-01,2024-09-30
sub_000561,learning_center,sch_00006,credit_card,active,2024-09-01,2024-12-31
sub_000562,learning_center,sch_00044,credit_card,active,2024-09-01,2025-08-31
sub_000563,learning_center,sch_00028,credit_card,active,2024-09-01,2024-12-31
sub_000564,learning_center,sch_00244,credit_card,cancelled,2024-09-01,2024-10-31
sub_000565,learning_center,sch_00132,wire,active,2024-09-01,2024-12-31
sub_000566,starter,sch_00077,debit_card,active,2024-09-01,2025-08-31
sub_000567,starter,sch_00168,wire,cancelled,2024-09-01,2025-08-31
sub_000568,starter,sch_00204,wire,active,2024-09-01,2024-12-31
sub_000569,pro,sch_00064,credit_card,cancelled,2024-09-01,2024-09-30
sub_000570,pro,sch_00016,credit_card,active,2024-09-01,2025-08-31
sub_000571,pro,sch_00165,debit_card,cancelled,2024-09-01,2024-10-31
sub_000572,pro,sch_00096,credit_card,active,2024-09-01,2025-08-31
sub_000573,pro,sch_00205,credit_card,cancelled,2024-09-01,2024-11-30
sub_000574,starter,sch_00257,wire,cancelled,2024-09-01,2024-09-30
sub_000575,pro,sch_00258,wire,active,2024-09-01,2024-12-31
sub_000576,pro,sch_00259,debit_card,active,2024-09-01,2024-12-31
sub_000577,starter,sch_00260,debit_card,active,2024-09-01,2024-12-31
sub_000578,starter,sch_00261,wire,active,2024-09-01,2024-12-31
sub_000579,pro,sch_00262,credit_card,active,2024-09-01,2025-02-28
sub_000580,starter,sch_00263,wire,cancelled,2024-09-01,2024-11-30
sub_000581,learning_center,sch_00264,credit_card,active,2024-09-01,2024-12-31
sub_000582,pro,sch_00265,debit_card,cancelled,2024-09-01,2024-10-31
sub_000583,pro,sch_00247,credit_card,cancelled,2024-10-01,2024-11-30
sub_000584,pro,sch_00257,wire,cancelled,2024-10-01,2024-11-30
sub_000585,pro,sch_00027,credit_card,active,2024-10-01,2025-09-30
sub_000586,pro,sch_00193,credit_card,active,2024-10-01,2025-09-30
sub_000587,pro,sch_00212,credit_card,active,2024-10-01,2024-12-31
sub_000588,learning_center,sch_00029,credit_card,cancelled,2024-10-01,2024-11-30
sub_000589,learning_center,sch_00188,debit_card,active,2024-10-01,2024-12-31
sub_000590,learning_center,sch_00064,credit_card,cancelled,2024-10-01,2024-10-31
sub_000591,learning_center,sch_00195,credit_card,active,2024-10-01,2024-12-31
sub_000592,learning_center,sch_00152,wire,active,2024-10-01,2025-09-30
sub_000593,learning_center,sch_00161,debit_card,active,2024-10-01,2025-09-30
sub_000594,starter,sch_00127,debit_card,cancelled,2024-10-01,2024-11-30
sub_000595,starter,sch_00231,wire,active,2024-10-01,2024-12-31
sub_000596,starter,sch_00104,credit_card,active,2024-10-01,2025-09-30
sub_000597,pro,sch_00166,wire,active,2024-10-01,2025-09-30
sub_000598,pro,sch_00128,credit_card,active,2024-10-01,2024-12-31
sub_000599,pro,sch_00236,credit_card,cancelled,2024-10-01,2024-11-30
sub_000600,pro,sch_00146,credit_card,active,2024-10-01,2024-12-31
sub_000601,pro,sch_00148,credit_card,active,2024-10-01,2025-09-30
sub_000602,learning_center,sch_00266,debit_card,active,2024-10-01,2024-12-31
sub_000603,starter,sch_00267,credit_card,active,2024-10-01,2024-12-31
sub_000604,pro,sch_00268,debit_card,cancelled,2024-10-01,2024-10-31
sub_000605,starter,sch_00269,debit_card,cancelled,2024-10-01,2024-11-30
sub_000606,pro,sch_00270,debit_card,cancelled,2024-10-01,2024-11-30
sub_000607,starter,sch_00271,wire,cancelled,2024-10-01,2024-11-30
sub_000608,starter,sch_00272,credit_card,active,2024-10-01,2025-09-30
sub_000609,starter,sch_00273,credit_card,active,2024-10-01,2025-09-30
sub_000610,learning_center,sch_00274,credit_card,cancelled,2024-10-01,2024-11-30
sub_000611,pro,sch_00241,debit_card,cancelled,2024-11-01,2024-11-30
sub_000612,pro,sch_00167,debit_card,active,2024-11-01,2025-10-31
sub_000613,pro,sch_00031,credit_card,active,2024-11-01,2025-10-31
sub_000614,pro,sch_00071,wire,cancelled,2024-11-01,2024-11-30
sub_000615,pro,sch_00256,wire,active,2024-11-01,2024-12-31
sub_000616,learning_center,sch_00184,wire,active,2024-11-01,2024-12-31
sub_000617,learning_center,sch_00211,debit_card,active,2024-11-01,2024-12-31
sub_000618,learning_center,sch_00084,debit_card,active,2024-11-01,2025-10-31
sub_000619,learning_center,sch_00218,debit_card,active,2024-11-01,2024-12-31
sub_000620,learning_center,sch_00268,debit_card,active,2024-11-01,2025-10-31
sub_000621,learning_center,sch_00165,debit_card,active,2024-11-01,2025-10-31
sub_000622,starter,sch_00265,debit_card,active,2024-11-01,2025-10-31
sub_000623,starter,sch_00073,debit_card,cancelled,2024-11-01,2024-11-30
sub_000624,starter,sch_00030,debit_card,active,2024-11-01,2024-12-31
sub_000625,pro,sch_00183,wire,active,2024-11-01,2025-01-31
sub_000626,pro,sch_00064,credit_card,active,2024-11-01,2025-10-31
sub_000627,pro,sch_00180,debit_card,active,2024-11-01,2025-10-31
sub_000628,pro,sch_00244,credit_card,active,2024-11-01,2024-12-31
sub_000629,pro,sch_00019,debit_card,active,2024-11-01,2025-01-31
sub_000630,starter,sch_00275,debit_card,active,2024-11-01,2025-01-31
sub_000631,starter,sch_00276,credit_card,active,2024-11-01,2025-01-31
sub_000632,starter,sch_00277,wire,active,2024-11-01,2024-12-31
sub_000633,learning_center,sch_00278,wire,active,2024-11-01,2025-10-31
sub_000634,pro,sch_00279,debit_card,active,2024-11-01,2024-12-31
sub_000635,pro,sch_00280,debit_card,cancelled,2024-11-01,2024-11-30
sub_000636,starter,sch_00281,credit_card,active,2024-11-01,2025-10-31
sub_000637,starter,sch_00282,debit_card,active,2024-11-01,2025-01-31
sub_000638,starter,sch_00283,debit_card,active,2024-11-01,2025-10-31
sub_000639,pro,sch_00073,debit_card,active,2024-12-01,2024-12-31
sub_000640,pro,sch_00127,debit_card,active,2024-12-01,2024-12-31
sub_000641,pro,sch_00269,debit_card,active,2024-12-01,2024-12-31
sub_000642,pro,sch_00271,wire,active,2024-12-01,2025-11-30
sub_000643,pro,sch_00246,debit_card,active,2024-12-01,2024-12-31
sub_000644,learning_center,sch_00270,debit_card,active,2024-12-01,2024-12-31
sub_000645,learning_center,sch_00241,debit_card,active,2024-12-01,2024-12-31
sub_000646,learning_center,sch_00280,debit_card,active,2024-12-01,2025-11-30
sub_000647,learning_center,sch_00071,wire,active,2024-12-01,2025-11-30
sub_000648,learning_center,sch_00103,wire,active,2024-12-01,2025-11-30
sub_000649,learning_center,sch_00205,credit_card,active,2024-12-01,2024-12-31
sub_000650,starter,sch_00247,credit_card,active,2024-12-01,2025-02-28
sub_000651,starter,sch_00155,wire,active,2024-12-01,2025-11-30
sub_000652,starter,sch_00257,wire,active,2024-12-01,2025-02-28
sub_000653,pro,sch_00029,credit_card,active,2024-12-01,2024-12-31
sub_000654,pro,sch_00060,debit_card,active,2024-12-01,2025-11-30
sub_000655,pro,sch_00274,credit_card,active,2024-12-01,2025-02-28
sub_000656,pro,sch_00057,wire,active,2024-12-01,2025-02-28
sub_000657,pro,sch_00185,wire,active,2024-12-01,2025-11-30
sub_000658,starter,sch_00284,debit_card,active,2024-12-01,2024-12-31
sub_000659,learning_center,sch_00285,credit_card,active,2024-12-01,2025-11-30
sub_000660,starter,sch_00286,wire,active,2024-12-01,2025-02-28
sub_000661,pro,sch_00287,credit_card,active,2024-12-01,2024-12-31
sub_000662,pro,sch_00288,debit_card,active,2024-12-01,2025-02-28
sub_000663,starter,sch_00289,credit_card,active,2024-12-01,2025-11-30
sub_000664,starter,sch_00290,debit_card,active,2024-12-01,2024-12-31
sub_000665,pro,sch_00291,debit_card,active,2024-12-01,2024-12-31
sub_000666,pro,sch_00292,debit_card,active,2024-12-01,2025-11-30
